{
  "images" : [
    {
      "resizing" : {
        "mode" : "3-part-vertical",
        "center" : {
          "mode" : "stretch",
          "height" : 1
        },
        "cap-insets" : {
          "top" : 6,
          "bottom" : 0
        }
      },
      "idiom" : "universal",
      "filename" : "bkg_arrow.png",
      "scale" : "1x"
    },
    {
      "resizing" : {
        "mode" : "3-part-vertical",
        "center" : {
          "mode" : "stretch",
          "height" : 1
        },
        "cap-insets" : {
          "top" : 13,
          "bottom" : 0
        }
      },
      "idiom" : "universal",
      "filename" : "bkg_arrow@2x.png",
      "scale" : "2x"
    },
    {
      "resizing" : {
        "mode" : "3-part-vertical",
        "center" : {
          "mode" : "stretch",
          "height" : 1
        },
        "cap-insets" : {
          "top" : 20,
          "bottom" : 0
        }
      },
      "idiom" : "universal",
      "filename" : "bkg_arrow@3x.png",
      "scale" : "3x"
    }
  ],
  "info" : {
    "version" : 1,
    "author" : "xcode"
  }
}